-- insert into insurances
insert into aseguradoras(aseguradora_id,nombre,nombre_corto,participa_proyecto,proteccion,activo)
values
(1,'Aseguradora1','Aseguradora1',1,1,1),
(2,'Ancon','Ancon',1,1,1),
(3,'Aseguradora3','Aseguradora3',1,1,1),
(4,'ISTMO','ISMTMO',1,1,1),
(5,'Aseguradora5','Aseguradora5',1,1,1),
(6,'Aseguradora6','Aseguradora6',1,1,1),
(7,'ASSA','ASSA',1,1,1),
(8,'Aseguradora8','Aseguradora8',1,1,1),
(9,'Aseguradora9','Aseguradora9',1,1,1),
(10,'Aseguradora10','Aseguradora10',1,1,1),
(11,'Aseguradora11','Aseguradora11',1,1,1),
(12,'Aseguradora12','Aseguradora12',1,1,1),
(13,'ACERTA','ACERTA',1,1,1),
(14,'Aseguradora14','Aseguradora14',1,1,1);

--insert into CrrReclamos
insert into CRR_RECLAMOS(codaseguradora,numeroreclamo,fecharegistro,usuarioregistro,fechareclamo,usuarioreclamo,fechasiniestro,tiposiniestro,descripcion,numparte,numresolucion,numdenuncia,numoficio,nombrecorredor,estadosiniestro,ubicacionsiniestro,numeroplacapolicia,foto,coaseguro,fecha_carga)
values
(2,'1.7.1.2015','Jan  2 2015 12:00AM','AXA05','Jan  2 2015 12:00AM','AXA05','Dec 31 2014 12:00AM',8,'SINIESTRO DADO DE ALTA VIA WEB (USUARIO: AXA05). REFERENCIA: PÓLIZA: 883', , ,0, ,'CORPORACION CONTINENTAL SA',AB,E, , ,N,'Feb  6 2019  2:00AM'),
(2,"1.7.10.2015"         ,Jan  2 2015 12:00AM,"AXA05",Jan  2 2015 12:00AM,"AXA05",Dec 31 2014 12:00AM,8,"SINIESTRO DADO DE ALTA VIA WEB (USUARIO: AXA05). REFERENCIA: PÓLIZA: 146", , ,0, ,"ALIANZA DE INTERMEDIARIOS DE SEGUROS, S.A.","CE","C", , ,"N",Feb  6 2019  2:00AM),
(2,"1.7.1000.2015"       ,Feb  5 2015 12:00AM,"AXA03",Feb  5 2015 12:00AM,"AXA03",Feb  4 2015 12:00AM,8,"SINIESTRO DADO DE ALTA VIA WEB (USUARIO: AXA03). REFERENCIA: PÓLIZA: 118", , ,0, ,"D.R. ASESORES DE SEGUROS, S.A.","CE","T", , ,"N",Feb  6 2019  2:00AM),
(2,"1.7.10000.2015"      ,Dec 22 2015 12:00AM,"GFORTH",Dec 22 2015 12:00AM,"GFORTH",Oct  1 2015 12:00AM,8,"AL SALIR DE LA ESTACION TERPEL DE COSTA DEL ESTE ME DETENGO PARA INGRESARAL PAÑO", , ,0, ,"CORPORACION CONTINENTAL, S. A.","AB","P", , ,"N",Feb  6 2019  2:00AM),
(2,"1.7.10000.2016"      ,Oct 25 2016 12:00AM,"ACOINDET",Aug  1 2015 12:00AM,"ACOINDET",Aug  1 2015 12:00AM,0,"COASEGURO ASSA MAYO 2016", , ,0, ,"DIRECTO","CE",., , ,"N",Feb  6 2019  2:00AM);
(2,1.7.10001.2015      ,Dec 23 2015 12:00AM,"AZAPATA",Oct 24 2015 12:00AM,"AZAPATA",Oct 24 2015 12:00AM,0,"COASEGURO", , ,0, ,"DIRECTO","CE",., , ,"N",Feb  6 2019  2:00AM),
(2,1.7.10001.2016      ,Oct 25 2016 12:00AM,"ACOINDET",Aug  4 2015 12:00AM,"ACOINDET",Aug  4 2015 12:00AM,0,"COASEGURO ASSA MAYO 2016", , ,0, ,"DIRECTO","CE",., , ,"N",Feb  6 2019  2:00AM),
(2,1.7.10002.2015      ,Dec 23 2015 12:00AM,"AZAPATA",Feb 27 2015 12:00AM,"AZAPATA",Feb 27 2015 12:00AM,0,"COASEGURO", , ,0, ,"DIRECTO","AB",., , ,"N",Feb  6 2019  2:00AM)
(2,1.7.10002.2016      ,Oct 25 2016 12:00AM,"ACOINDET",Aug  5 2015 12:00AM,"ACOINDET",Aug  5 2015 12:00AM,0,"COASEGURO ASSA MAYO 2016", , ,0, ,"DIRECTO","CE",., , ,"N",Feb  6 2019  2:00AM),
(2,1.7.10003.2015      ,Dec 23 2015 12:00AM,"AZAPATA",Jul 12 2015 12:00AM,"AZAPATA",Jul 12 2015 12:00AM,0,"COASEGURO", , ,0, ,"DIRECTO","AB",., , ,"N",Feb  6 2019  2:00AM),
(2,1.7.10003.2016      ,Oct 25 2016 12:00AM,"ACOINDET",Aug  8 2015 12:00AM,"ACOINDET",Aug  8 2015 12:00AM,0,"COASEGURO ASSA MAYO 2016", , ,0, ,"DIRECTO","CE",., , ,"N",Feb  6 2019  2:00AM),
(2,1.7.10004.2015      ,Dec 23 2015 12:00AM,"ZMELENDEZ",Dec 22 2015 12:00AM,"ZMELENDEZ",Dec 22 2015 12:00AM,8,"EN EL CARILL DERECHO SOBRE EL PUENTE DE RIO CAIMITO DONDE EL CARRO DE ATRAS CHOC", , ,0, ,"L. R. DUCRUET E HIJOS, S.A.","AB","B", , ,"N",Feb  6 2019  2:00AM),
(2,1.7.10004.2016      ,Oct 25 2016 12:00AM,"ACOINDET",Aug 10 2015 12:00AM,"ACOINDET",Aug 10 2015 12:00AM,0,"COASEGURO ASSA MAYO 2016", , ,0, ,"DIRECTO","CE",., , ,"N",Feb  6 2019  2:00AM),
(2,1.7.10005.2015      ,Dec 23 2015 12:00AM,"AZAPATA",Jun 17 2015 12:00AM,"AZAPATA",Jun 17 2015 12:00AM,0,"COASEGURO", , ,0, ,"DIRECTO","CE",., , ,"N",Feb  6 2019  2:00AM),
(2,1.7.10006.2015      ,Dec 23 2015 12:00AM,"VABREGO",Dec 23 2015 12:00AM,"VABREGO",Aug 19 2015 12:00AM,8,"VENIA EN DIRECCION A LA 12 DE OCT POR AVE LA PULIDA LLEGANDO AL CRUCE LE DOY EL", , ,0, ,"L. R. DUCRUET E HIJOS, S.A.","AB","L", , ,"N",Feb  6 2019  2:00AM)
(2,1.7.10006.2016      ,Oct 25 2016 12:00AM,"ACOINDET",Aug 11 2015 12:00AM,"ACOINDET",Aug 11 2015 12:00AM,0,"COASEGURO ASSA MAYO 2016", , ,0, ,"DIRECTO",CE,., , ,N,Feb  6 2019  2:00AM),
(2,1.7.10007.2015      ,Dec 23 2015 12:00AM,"AZAPATA",Aug 13 2015 12:00AM,"AZAPATA",Aug 13 2015 12:00AM,0,"COASEGURO", , ,0, ,"DIRECTO","AB",., , ,"N",Feb  6 2019  2:00AM),
(2,1.7.10007.2016      ,Oct 25 2016 12:00AM,"ACOINDET",Aug 12 2015 12:00AM,"ACOINDET",Aug 12 2015 12:00AM,0,"COASEGURO ASSA MAYO 2016", , ,0, ,"DIRECTO","CE",., , ,"N",Feb  6 2019  2:00AM),
(2,1.7.10008.2015      ,Dec 23 2015 12:00AM,"AZAPATA",Sep 25 2015 12:00AM,"AZAPATA",Sep 25 2015 12:00AM,0,"COASEGURO", , ,0, ,"ADMINISTRADORA DE RIESGOS Y SEGUROS INTELIGENTE, S.A.","AB",., , ,"N",Feb  6 2019  2:00AM),
(2,1.7.10008.2016      ,Oct 25 2016 12:00AM,"ACOINDET",Aug 13 2015 12:00AM,"ACOINDET",Aug 13 2015 12:00AM,0,"COASEGURO ASSA MAYO 2016", , ,0, ,"DIRECTO","CE",., , ,"N",Feb  6 2019  2:00AM),
(2,1.7.1001.2015       ,Feb  5 2015 12:00AM,"AXA03",Feb  5 2015 12:00AM,"AXA03",Feb  4 2015 12:00AM,8,"SINIESTRO DADO DE ALTA VIA WEB (USUARIO: AXA03). REFERENCIA: PÓLIZA: 152", , ,0, ,"L. R. DUCRUET E HIJOS, S.A.","AB","A", , ,"N",Feb  6 2019  2:00AM),
(2,1.7.10010.2015      ,Dec 23 2015 12:00AM,"GFORTH",Dec  4 2015 12:00AM,"GFORTH",Dec  4 2015 12:00AM,8,"ABAJO DEL PUENTE ELEVADO DE CERRO SILVESTRE DOS POLICIAS PARARON LOS VEHICULOS P", , ,0, ,"ARCO SEGUROS, S. A.","AB","C", , ,"N",Feb  6 2019  2:00AM),
(2,1.7.10010.2016      ,Oct 25 2016 12:00AM,"ACOINDET,Aug 14 2015 12:00AM,ACOINDET,Aug 14 2015 12:00AM,63,COASEGURO ASSA MAYO 2016, , ,0, ,DIRECTO,CE,., , ,N,Feb  6 2019  2:00AM)
(2,1.7.10011.2015      ,Dec 23 2015 12:00AM,"MVARGAS,Dec 23 2015 12:00AM,MVARGAS,Dec 20 2015 12:00AM,54,"IBA EN DIRECCION AL CORREGIMIENTO DE TORTI, CUANDO FUI ENCANDILADO POR UN VEHICU", , ,0, ,DIRECTO,CE,T, , ,N,Feb  6 2019  2:00AM),
(4,1.7.10011.2016      ,Oct 25 2016 12:00AM,"ACOINDET,Aug 15 2015 12:00AM,ACOINDET,Aug 15 2015 12:00AM,0,COASEGURO ASSA MAYO 2016, , ,0, ,DIRECTO,CE,., , ,N,Feb  6 2019  2:00AM),
(4,1.7.10012.2015      ,Dec 23 2015 12:00AM,"GFORTH,Dec 23 2015 12:00AM,GFORTH,Dec 22 2015 12:00AM,50,LLEGUE A MI CASA ALREDEDOR DE LAS 7:25PM ABRI EL PORTON PARA PODER INGRESAR A MI, , ,2HA-1429-2015, ,SUSANA ELLIZABETH OLGUIN DE DELGADO,CE,P, , ,N,Aug  6 2019  2:00AM),
(4,1.7.10012.2016      ,Oct 25 2016 12:00AM,"ACOINDET,Aug 18 2015 12:00AM,ACOINDET,Aug 18 2015 12:00AM,0,COASEGURO ASSA MAYO 2016, , ,0, ,DIRECTO,CE,., , ,N,Feb  6 2019  2:00AM),
(4,1.7.10013.2015      ,Dec 23 2015 12:00AM,"RUPEREZ,Dec 18 2015 12:00AM,RUPEREZ,Dec 18 2015 12:00AM,8,AL TRATAR DE HACER EL GIRO EN U ACABE COLISIONANDO CON EL VEHICULO B, , ,0, ,"JIMFOR, S.A.",AB,R, , ,N,Feb  6 2019  2:00AM),
(4,1.7.10013.2016      ,Oct 25 2016 12:00AM,"ACOINDET,Aug 19 2015 12:00AM,ACOINDET,Aug 19 2015 12:00AM,0,COASEGURO ASSA MAYO 2016, , ,0, ,DIRECTO,CE,., , ,N,Feb  6 2019  2:00AM),
(4,1.7.10014.2015      ,Dec 23 2015 12:00AM,"AXA05,Dec 23 2015 12:00AM,AXA05,Dec 21 2015 12:00AM,8,SINIESTRO DADO DE ALTA VIA WEB (USUARIO: AXA05). REFERENCIA: PÓLIZA: 150, , ,0, ,RAMON RICARDO ESKILDSEN ALFARO,CE,N, , ,N,Feb  6 2019  2:00AM),
(4,1.7.10014.2016      ,Oct 25 2016 12:00AM,"ACOINDET,Aug 21 2015 12:00AM,ACOINDET,Aug 21 2015 12:00AM,0,COASEGURO ASSA MAYO 2016, , ,0, ,DIRECTO,CE,., , ,N,Feb  6 2019  2:00AM),
(4,1.7.10015.2015      ,Dec 23 2015 12:00AM,"VABREGO,Dec 23 2015 12:00AM,VABREGO,Dec  5 2015 12:00AM,6,EN MEDIO DE UN TRANQUE EN VERANILLO DON BOSCO EL AUTO SE SALIO DE SU PAÑO AL PAÑ, , ,0, ,"L. R. DUCRUET E HIJOS, S.A.",AB,D, , ,N,Feb  6 2019  2:00AM),
(4,1.7.10015.2016      ,Oct 25 2016 12:00AM,"ACOINDET,Aug 23 2015 12:00AM,ACOINDET,Aug 23 2015 12:00AM,0,COASEGURO ASSA MAYO 2016, , ,0, ,DIRECTO,CE,., , ,N,Feb  6 2019  2:00AM),
(4,1.7.10016.2015      ,Dec 23 2015 12:00AM,"GFORTH,Dec 23 2015 12:00AM,GFORTH,Dec 21 2015 12:00AM,8,SINIESTRO DADO DE ALTA VIA WEB (USUARIO: AXA05). REFERENCIA: PÓLIZA: 111799, , ,0, ,LUZ GRACIELA CHAVEZ GONZALEZ,CE, , , ,N,Feb  6 2019  2:00AM),
(4,1.7.10016.2016      ,Oct 25 2016 12:00AM,"ACOINDET,Aug 25 2015 12:00AM,ACOINDET,Aug 25 2015 12:00AM,0,COASEGURO ASSA MAYO 2016, , ,0, ,DIRECTO,CE,., , ,N,Feb  6 2019  2:00AM),
(4,1.7.10017.2015      ,Dec 23 2015 12:00AM,"GFORTH,Dec 23 2015 12:00AM,GFORTH,Dec 21 2015 12:00AM,8,SINIESTRO DADO DE ALTA VIA WEB (USUARIO: AXA05). REFERENCIA: PÓLIZA: 140385, , ,0, ,"L. R. DUCRUET E HIJOS, S.A.",AB, , , ,N,Feb  6 2019  2:00AM),
(4,1.7.10017.2016      ,Oct 25 2016 12:00AM,"ACOINDET,Aug 27 2015 12:00AM,ACOINDET,Aug 27 2015 12:00AM,0,COASEGURO ASSA MAYO 2016, , ,0, ,DIRECTO,CE,., , ,N,Feb  6 2019  2:00AM),
(4,1.7.10018.2015      ,Dec 23 2015 12:00AM,"AXA05,Dec 23 2015 12:00AM,AXA05,Dec 21 2015 12:00AM,8,SINIESTRO DADO DE ALTA VIA WEB (USUARIO: AXA05). REFERENCIA: PÓLIZA: 111, , ,0, ,JINGRID CEMIDIA LEDEZMA GARCIA,AB,C, , ,N,Feb  6 2019  2:00AM),
(4,1.7.10018.2016      ,Oct 25 2016 12:00AM,"ACOINDET,Aug 29 2015 12:00AM,ACOINDET,Aug 29 2015 12:00AM,0,COASEGURO ASSA MAYO 2016, , ,0, ,DIRECTO,CE,., , ,N,Feb  6 2019  2:00AM),
(4,1.7.10019.2015      ,Dec 23 2015 12:00AM,"AXA05,Dec 23 2015 12:00AM,AXA05,Dec 21 2015 12:00AM,8,SINIESTRO DADO DE ALTA VIA WEB (USUARIO: AXA05). REFERENCIA: PÓLIZA: 143, , ,0, ,"E.R. MENDEZ Y ASOCIADOS, S.A.",CE,C, , ,N,Feb  6 2019  2:00AM),
(4,1.7.10019.2016      ,Oct 25 2016 12:00AM,"ACOINDET,Sep  1 2015 12:00AM,ACOINDET,Sep  1 2015 12:00AM,0,COASEGURO ASSA MAYO 2016, , ,0, ,DIRECTO,CE,., , ,N,Feb  6 2019  2:00AM),
(4,1.7.1002.2015       ,Feb  5 2015 12:00AM,"AXA03,Feb  5 2015 12:00AM,AXA03,Feb  4 2015 12:00AM,8,SINIESTRO DADO DE ALTA VIA WEB (USUARIO: AXA03). REFERENCIA: PÓLIZA: 141, , ,0, ,HERALD OZIR GODOY CORONADO,AB,A, , ,N,Feb  6 2019  2:00AM),
(4,1.7.1002.2016       ,Feb  5 2016 12:00AM,"FCARRASCO,Jan  2 2015 12:00AM,FCARRASCO,Jan  2 2015 12:00AM,0,COASEGUROS, , ,0, ,DIRECTO,CE,P, , ,N,Feb  6 2019  2:00AM),
(4,1.7.10020.2015      ,Dec 23 2015 12:00AM,"AXA05,Dec 23 2015 12:00AM,AXA05,Dec 21 2015 12:00AM,8,SINIESTRO DADO DE ALTA VIA WEB (USUARIO: AXA05). REFERENCIA: PÓLIZA: 472, , ,0, ,RAUL ZHIWEI LI CHEN,AB,E, , ,N,Feb  6 2019  2:00AM),
(4,1.7.10020.2016      ,Oct 25 2016 12:00AM,"ACOINDET,Sep  3 2015 12:00AM,ACOINDET,Sep  3 2015 12:00AM,0,COASEGURO ASSA MAYO 2016, , ,0, ,DIRECTO,CE,., , ,N,Feb  6 2019  2:00AM),
(4,1.7.10021.2015      ,Dec 23 2015 12:00AM,"AXA05,Dec 23 2015 12:00AM,AXA05,Dec 21 2015 12:00AM,8,SINIESTRO DADO DE ALTA VIA WEB (USUARIO: AXA05). REFERENCIA: PÓLIZA: 105, , ,0, ,"L. R. DUCRUET E HIJOS, S.A.",AB,A, , ,N,Feb  6 2019  2:00AM),
(4,1.7.10021.2016      ,Oct 25 2016 12:00AM,"ACOINDET,Sep  3 2015 12:00AM,ACOINDET,Sep  3 2015 12:00AM,0,COASEGURO ASSA MAYO 2016, , ,0, ,DIRECTO,CE,., , ,N,Feb  6 2019  2:00AM),
(4,1.7.10022.2015      ,Dec 23 2015 12:00AM,"AXA05,Dec 23 2015 12:00AM,AXA05,Dec 21 2015 12:00AM,8,SINIESTRO DADO DE ALTA VIA WEB (USUARIO: AXA05). REFERENCIA: PÓLIZA: 663, , ,0, ,EMMA PORCELL CASTILLO,AB,P, , ,N,Feb  6 2019  2:00AM),
(4,1.7.10023.2015      ,Dec 23 2015 12:00AM,"AXA05,Dec 23 2015 12:00AM,AXA05,Dec 21 2015 12:00AM,8,SINIESTRO DADO DE ALTA VIA WEB (USUARIO: AXA05). REFERENCIA: PÓLIZA: 106, , ,0, ,IRMA YOLANDA HERRERA LASSO,AB,5, , ,N,Feb  6 2019  2:00AM),
(7,1.7.10023.2016      ,Oct 25 2016 12:00AM,"ACOINDET,Sep  7 2015 12:00AM,ACOINDET,Sep  7 2015 12:00AM,0,COASEGURO ASSA MAYO 2016, , ,0, ,DIRECTO,CE,., , ,N,Feb  6 2019  2:00AM),
(7,1.7.10024.2015      ,Dec 23 2015 12:00AM,"AXA05,Dec 23 2015 12:00AM,AXA05,Dec 21 2015 12:00AM,8,SINIESTRO DADO DE ALTA VIA WEB (USUARIO: AXA05). REFERENCIA: PÓLIZA: 121, , ,0, ,DIRECTO,CE,5, , ,N,Feb  6 2019  2:00AM),
(7,1.7.10024.2016      ,Oct 25 2016 12:00AM,"ACOINDET,Sep  7 2015 12:00AM,ACOINDET,Sep  7 2015 12:00AM,0,COASEGURO ASSA MAYO 2016, , ,0, ,DIRECTO,CE,., , ,N,Feb  6 2019  2:00AM),
(7,1.7.10025.2015      ,Dec 23 2015 12:00AM,"AXA05,Dec 23 2015 12:00AM,AXA05,Dec 21 2015 12:00AM,8,SINIESTRO DADO DE ALTA VIA WEB (USUARIO: AXA05). REFERENCIA: PÓLIZA: 118, , ,0, ,SEBASTIAN ALBERTO QUIROZ HERNANDEZ,AB,5, , ,N,Feb  6 2019  2:00AM),
(7,1.7.10025.2016      ,Oct 25 2016 12:00AM,"ACOINDET,Sep  7 2015 12:00AM,ACOINDET,Sep  7 2015 12:00AM,0,COASEGURO ASSA MAYO 2016, , ,0, ,DIRECTO,CE,., , ,N,Feb  6 2019  2:00AM),
(7,1.7.10026.2015      ,Dec 23 2015 12:00AM,"AXA05,Dec 23 2015 12:00AM,AXA05,Dec 21 2015 12:00AM,8,SINIESTRO DADO DE ALTA VIA WEB (USUARIO: AXA05). REFERENCIA: PÓLIZA: 346, , ,0, ,"SEGUROS CENTRALIZADOS, S.A.",AB, , , ,N,Feb  6 2019  2:00AM),
(7,1.7.10026.2016      ,Oct 25 2016 12:00AM,"ACOINDET,Sep  8 2015 12:00AM,ACOINDET,Sep  8 2015 12:00AM,0,COASEGURO ASSA MAYO 2016, , ,0, ,DIRECTO,CE,., , ,N,Feb  6 2019  2:00AM),
(7,1.7.10027.2015      ,Dec 23 2015 12:00AM,"AXA05,Dec 23 2015 12:00AM,AXA05,Dec 21 2015 12:00AM,8,SINIESTRO DADO DE ALTA VIA WEB (USUARIO: AXA05). REFERENCIA: PÓLIZA: 106, , ,0, ,"SEGUROS FERRO, S.A. (SEGUFERSA)",AB,P, , ,N,Feb  6 2019  2:00AM),
(7,1.7.10027.2016      ,Oct 25 2016 12:00AM,"ACOINDET,Sep 11 2015 12:00AM,ACOINDET,Sep 11 2015 12:00AM,0,COASEGURO ASSA MAYO 2016, , ,0, ,DIRECTO,CE,., , ,N,Feb  6 2019  2:00AM),
(7,1.7.10028.2015      ,Dec 24 2015 12:00AM,"AXA05,Dec 24 2015 12:00AM,AXA05,Dec 22 2015 12:00AM,8,SINIESTRO DADO DE ALTA VIA WEB (USUARIO: AXA05). REFERENCIA: PÓLIZA: 156, , ,0, ,"L. R. DUCRUET E HIJOS, S.A.",AB,T, , ,N,Feb  6 2019  2:00AM),
(7,1.7.10028.2016      ,Oct 25 2016 12:00AM,"ACOINDET,Sep 13 2015 12:00AM,ACOINDET,Sep 13 2015 12:00AM,0,COASEGURO ASSA MAYO 2016, , ,0, ,DIRECTO,CE,., , ,N,Feb  6 2019  2:00AM),
(7,1.7.10029.2015      ,Dec 24 2015 12:00AM,"AXA05,Dec 24 2015 12:00AM,AXA05,Dec 24 2015 12:00AM,51,SINIESTRO DADO DE ALTA VIA WEB (USUARIO: AXA05). REFERENCIA: PÓLIZA: 550, , ,0, ,ANARKALIS O. DIAZ CEDENO,CE,S, , ,N,Feb  6 2019  2:00AM),
(7,1.7.10029.2016      ,Oct 25 2016 12:00AM,"ACOINDET,Sep 14 2015 12:00AM,ACOINDET,Sep 14 2015 12:00AM,0,COASEGURO ASSA MAYO 2016, , ,0, ,DIRECTO,CE,., , ,N,Feb  6 2019  2:00AM),
(7,1.7.1003.2015       ,Feb  5 2015 12:00AM,"AXA03,Feb  5 2015 12:00AM,AXA03,Feb  4 2015 12:00AM,8,SINIESTRO DADO DE ALTA VIA WEB (USUARIO: AXA03). REFERENCIA: PÓLIZA: 142, , ,0, ,"FF SEGUROS, S.A.",AB,C, , ,N,Feb  6 2019  2:00AM),
(7,1.7.1003.2016       ,Feb  5 2016 12:00AM,"FCARRASCO,Jan  6 2015 12:00AM,FCARRASCO,Jan  6 2015 12:00AM,0,COASEGUROS, , ,0, ,DIRECTO,CE,P, , ,N,Feb  6 2019  2:00AM),
(7,1.7.10030.2015      ,Dec 24 2015 12:00AM,"AXA05,Dec 24 2015 12:00AM,AXA05,Dec 21 2015 12:00AM,8,SINIESTRO DADO DE ALTA VIA WEB (USUARIO: AXA05). REFERENCIA: PÓLIZA: 145, , ,0, ,DIRECTO,AB,P, , ,N,Feb  6 2019  2:00AM),
(7,1.7.10030.2016      ,Oct 25 2016 12:00AM,"ACOINDET,Sep 16 2015 12:00AM,ACOINDET,Sep 16 2015 12:00AM,0,COASEGURO ASSA MAYO 2016, , ,0, ,DIRECTO,CE,., , ,N,Feb  6 2019  2:00AM),
(7,1.7.10031.2015      ,Dec 24 2015 12:00AM,"AXA05,Dec 24 2015 12:00AM,AXA05,Dec 24 2015 12:00AM,8,SINIESTRO DADO DE ALTA VIA WEB (USUARIO: AXA05). REFERENCIA: PÓLIZA: 986, , ,0, ,MARTA LORENA CABALLERO,AB, , , ,N,Feb  6 2019  2:00AM),
(7,1.7.10031.2016      ,Oct 25 2016 12:00AM,"ACOINDET,Sep 20 2015 12:00AM,ACOINDET,Sep 20 2015 12:00AM,0,COASEGURO ASSA MAYO 2016, , ,0, ,DIRECTO,CE,., , ,N,Feb  6 2019  2:00AM),
(7,1.7.10032.2015      ,Dec 24 2015 12:00AM,"AXA05,Dec 24 2015 12:00AM,AXA05,Dec 21 2015 12:00AM,8,SINIESTRO DADO DE ALTA VIA WEB (USUARIO: AXA05). REFERENCIA: PÓLIZA: 156, , ,0, ,PREVENZA,AB, , , ,N,Feb  6 2019  2:00AM),
(7,1.7.10032.2016      ,Oct 25 2016 12:00AM,"ACOINDET,Sep 29 2015 12:00AM,ACOINDET,Sep 25 2015 12:00AM,0,COASEGURO ASSA MAYO 2016, , ,0, ,DIRECTO,CE,., , ,N,Feb  6 2019  2:00AM),
(7,1.7.10033.2015      ,Dec 24 2015 12:00AM,"AXA05,Dec 24 2015 12:00AM,AXA05,Dec 21 2015 12:00AM,8,SINIESTRO DADO DE ALTA VIA WEB (USUARIO: AXA05). REFERENCIA: PÓLIZA: 149, , ,0, ,ARELYS DELFILIA  BARRIA FUENTES,AB, , , ,N,Feb  6 2019  2:00AM),
(7,1.7.10033.2016      ,Oct 25 2016 12:00AM,"ACOINDET,Sep 29 2015 12:00AM,ACOINDET,Sep 28 2015 12:00AM,0,COASEGURO ASSA MAYO 2016, , ,0, ,DIRECTO,CE,., , ,N,Feb  6 2019  2:00AM),
(7,1.7.10034.2015      ,Dec 24 2015 12:00AM,"AXA05,Dec 24 2015 12:00AM,AXA05,Dec 21 2015 12:00AM,0,SINIESTRO DADO DE ALTA VIA WEB (USUARIO: AXA05). REFERENCIA: PÓLIZA: 151, , ,0, ,"L. R. DUCRUET E HIJOS, S.A.",AB, , , ,N,Feb  6 2019  2:00AM),
(7,1.7.10034.2016      ,Oct 25 2016 12:00AM,"ACOINDET,Sep 30 2015 12:00AM,ACOINDET,Sep 30 2015 12:00AM,0,COASEGURO ASSA MAYO 2016, , ,0, ,DIRECTO,CE,., , ,N,Feb  6 2019  2:00AM),
(13,1.7.10035.2015      ,Dec 24 2015 12:00AM,"AXA05,Dec 24 2015 12:00AM,AXA05,Dec 21 2015 12:00AM,8,SINIESTRO DADO DE ALTA VIA WEB (USUARIO: AXA05). REFERENCIA: PÓLIZA: 118, , ,0, ,CORRETAJE DE SEGUROS DE VIDA Y RIESGOS GENERALES,AB, , , ,N,Feb  6 2019  2:00AM),
(13,1.7.10035.2016      ,Oct 25 2016 12:00AM,"ACOINDET,Oct  5 2015 12:00AM,ACOINDET,Oct  5 2015 12:00AM,0,COASEGURO ASSA MAYO 2016, , ,0, ,DIRECTO,CE,., , ,N,Feb  6 2019  2:00AM),
(13,1.7.10036.2015      ,Dec 24 2015 12:00AM,"AXA05,Dec 24 2015 12:00AM,AXA05,Dec 21 2015 12:00AM,8,SINIESTRO DADO DE ALTA VIA WEB (USUARIO: AXA05). REFERENCIA: PÓLIZA: 108, , ,0, ,"SEGUROS TANG, S. A.",AB, , , ,N,Feb  6 2019  2:00AM),
(13,1.7.10037.2015      ,Dec 24 2015 12:00AM,"AXA05,Dec 24 2015 12:00AM,AXA05,Dec 21 2015 12:00AM,8,SINIESTRO DADO DE ALTA VIA WEB (USUARIO: AXA05). REFERENCIA: PÓLIZA: 139, , ,0, ,"D.R. ASESORES DE SEGUROS, S.A.",AB, , , ,N,Feb  6 2019  2:00AM),
(13,1.7.10037.2016      ,Oct 25 2016 12:00AM,"ACOINDET,Oct  6 2015 12:00AM,ACOINDET,Oct  6 2015 12:00AM,0,COASEGURO ASSA MAYO 2016, , ,0, ,DIRECTO,CE,., , ,N,Feb  6 2019  2:00AM),
(13,1.7.10038.2015      ,Dec 24 2015 12:00AM,"AXA05,Dec 24 2015 12:00AM,AXA05,Dec 21 2015 12:00AM,8,SINIESTRO DADO DE ALTA VIA WEB (USUARIO: AXA05). REFERENCIA: PÓLIZA: 122, , ,0, ,"REAL DE SEGUROS, S.A.",AB, , , ,N,Feb  6 2019  2:00AM),
(13,1.7.10038.2016      ,Oct 25 2016 12:00AM,"ACOINDET,Oct 13 2015 12:00AM,ACOINDET,Oct 13 2015 12:00AM,0,COASEGURO ASSA MAYO 2016, , ,0, ,DIRECTO,CE,., , ,N,Feb  6 2019  2:00AM),
(13,1.7.10039.2015      ,Dec 24 2015 12:00AM,"AXA05,Dec 24 2015 12:00AM,AXA05,Dec 21 2015 12:00AM,8,SINIESTRO DADO DE ALTA VIA WEB (USUARIO: AXA05). REFERENCIA: PÓLIZA: 894, , ,0, ,"GRUPO C.A.J.S., S.A.",AB, , , ,N,Feb  6 2019  2:00AM),
(13,1.7.10039.2016      ,Oct 25 2016 12:00AM,"ACOINDET,Oct 14 2015 12:00AM,ACOINDET,Oct 14 2015 12:00AM,0,COASEGURO ASSA MAYO 2016, , ,0, ,DIRECTO,CE,., , ,N,Feb  6 2019  2:00AM),
(13,1.7.1004.2015       ,Feb  5 2015 12:00AM,"RUPEREZ,Feb  5 2015 12:00AM,RUPEREZ,Feb  4 2015 12:00AM,50,"ME ENCONTREBA EN MI RESIDENCIA EN COMPAÑIA DE MI HERMANA Y DEMAS FAMILIARES, CUA", , ,HA2A-1454-2015, ,"ALIANZA DE INTERMEDIARIOS DE SEGUROS, S.A.",AB,A, , ,N,Feb  6 2019  2:00AM),
(13,1.7.10040.2015      ,Dec 24 2015 12:00AM,"AXA05,Dec 24 2015 12:00AM,AXA05,Dec 21 2015 12:00AM,8,SINIESTRO DADO DE ALTA VIA WEB (USUARIO: AXA05). REFERENCIA: PÓLIZA: 124, , ,0, ,"UNISEGUROS, S.A.",CE, , , ,N,Feb  6 2019  2:00AM),
(13,1.7.10040.2016      ,Oct 25 2016 12:00AM,"ACOINDET,Oct 19 2015 12:00AM,ACOINDET,Oct 19 2015 12:00AM,0,COASEGURO ASSA MAYO 2016, , ,0, ,DIRECTO,CE,., , ,N,Feb  6 2019  2:00AM),
(13,1.7.10041.2015      ,Dec 26 2015 12:00AM,"AXA05,Dec 26 2015 12:00AM,AXA05,Dec 23 2015 12:00AM,8,SINIESTRO DADO DE ALTA VIA WEB (USUARIO: AXA05). REFERENCIA: PÓLIZA: 156, , ,0, ,"INVERSIONES EN SEGUROS, S.A.",CE,T, , ,N,Feb  6 2019  2:00AM),
(13,1.7.10041.2016      ,Oct 26 2016 12:00AM,"ACOINDET,Oct 21 2015 12:00AM,ACOINDET,Oct 21 2015 12:00AM,0,COASEGURO ASSA MAYO 2016, , ,0, ,DIRECTO,CE,., , ,N,Feb  6 2019  2:00AM),
(13,1.7.10042.2015      ,Dec 26 2015 12:00AM,"AXA05,Dec 26 2015 12:00AM,AXA05,Dec 23 2015 12:00AM,8,SINIESTRO DADO DE ALTA VIA WEB (USUARIO: AXA05). REFERENCIA: PÓLIZA: 945, , ,0, ,FLORISTELDA ESTHER FOSSATTI DIAZ,AB,C, , ,N,Feb  6 2019  2:00AM),
(13,1.7.10042.2016      ,Oct 26 2016 12:00AM,"ACOINDET,Oct 24 2015 12:00AM,ACOINDET,Oct 24 2015 12:00AM,0,COASEGURO ASSA MAYO 2016, , ,0, ,DIRECTO,CE,., , ,N,Feb  6 2019  2:00AM),
(13,1.7.10043.2015      ,Dec 26 2015 12:00AM,"AXA05,Dec 26 2015 12:00AM,AXA05,Dec 23 2015 12:00AM,8,SINIESTRO DADO DE ALTA VIA WEB (USUARIO: AXA05). REFERENCIA: PÓLIZA: 726, , ,0, ,"MARSH SEMUSA, S.A",AB,B, , ,N,Feb  6 2019  2:00AM),
(13,1.7.10043.2016      ,Oct 26 2016 12:00AM,"ACOINDET,Oct 26 2015 12:00AM,ACOINDET,Oct 26 2015 12:00AM,0,COASEGURO ASSA MAYO 2016, , ,0, ,DIRECTO,CE,., , ,N,Feb  6 2019  2:00AM),
(13,1.7.10044.2015      ,Dec 26 2015 12:00AM,"AXA05,Dec 26 2015 12:00AM,AXA05,Dec 23 2015 12:00AM,8,SINIESTRO DADO DE ALTA VIA WEB (USUARIO: AXA05). REFERENCIA: PÓLIZA: 290, , ,0, ,DIRECTO,AB,V, , ,N,Feb  6 2019  2:00AM),
(13,1.7.10044.2016      ,Oct 26 2016 12:00AM,"ACOINDET,Oct 27 2015 12:00AM,ACOINDET,Oct 27 2015 12:00AM,0,COASEGURO ASSA MAYO 2016, , ,0, ,DIRECTO,CE,., , ,N,Feb  6 2019  2:00AM),
(13,1.7.10045.2015      ,Dec 26 2015 12:00AM,"AXA05,Dec 26 2015 12:00AM,AXA05,Dec 23 2015 12:00AM,8,SINIESTRO DADO DE ALTA VIA WEB (USUARIO: AXA05). REFERENCIA: PÓLIZA: 831, , ,0, ,BETZIBEL LINETH FLORES CAMARENA,CE,C, , ,N,Feb  6 2019  2:00AM),
(13,1.7.10045.2016      ,Oct 26 2016 12:00AM,"ACOINDET,Oct 28 2015 12:00AM,ACOINDET,Oct 28 2015 12:00AM,3,COASEGURO ASSA MAYO 2016, , ,0, ,DIRECTO,CE,., , ,N,Feb  6 2019  2:00AM),
(13,1.7.10046.2015      ,Dec 26 2015 12:00AM,"GFORTH,Dec 26 2015 12:00AM,GFORTH,Dec 23 2015 12:00AM,8,SINIESTRO DADO DE ALTA VIA WEB (USUARIO: AXA05). REFERENCIA: PÓLIZA: 76804M, , ,0, ,"MARSH SEMUSA, S.A",AB, , , ,N,Feb  6 2019  2:00AM),
(13,1.7.10046.2016      ,Oct 26 2016 12:00AM,"ACOINDET,Oct 29 2015 12:00AM,ACOINDET,Oct 29 2015 12:00AM,0,COASEGURO ASSA MAYO 2016, , ,0, ,DIRECTO,CE,., , ,N,Feb  6 2019  2:00AM),
(13,1.7.10047.2015      ,Dec 26 2015 12:00AM,"AXA05,Dec 26 2015 12:00AM,AXA05,Dec 23 2015 12:00AM,8,SINIESTRO DADO DE ALTA VIA WEB (USUARIO: AXA05). REFERENCIA: PÓLIZA: 147, , ,0, ,"L. R. DUCRUET E HIJOS, S.A.",AB,V, , ,N,Feb  6 2019  2:00AM),
(13,1.7.10047.2016      ,Oct 26 2016 12:00AM,"ACOINDET,Oct 30 2015 12:00AM,ACOINDET,Oct 30 2015 12:00AM,0,COASEGURO ASSA MAYO 2016, , ,0, ,DIRECTO,CE,., , ,N,Feb  6 2019  2:00AM);

--insert into crr_reclamantes
insert into CRR_RECLAMANTES(codaseguradora,numeroreclamo,numeroreclamante,tiporeclamante,fecha_reclamo,monto,foto,descripcion,observacion,estadoreclamo,subrogacion,idaseguradorasub,tipopago,taller,provincia,inicial,tomo,folio,asiento,cedularuccorrida,tipopersona,primernombre,segundonombre,primerapellido,segundoapellido,apellidocasada,codcliente,numplaca,numchasis,nummotor,vin,cupo,marca,modelo,anno,color,estilo,hipoteca,agenciahipotecaria,perdidatotal,estadoauto,provinciaconductor,inicialconductor,tomoconductor,folioconductor,cedulacorridaconductor,primernombreconductor,segundonombreconductor,primerapellidoconductor,segundoapellidoconductor,apellidocasadaconductor,fecha_carga)
VALUES
(2,1.7.1.2015          ,1,AF,Jan 12 2015 12:00AM,0, , , ,NP,[null],[null],[null], , , , , , ,01  000100001,N,TERCEROS VARIOS, ,VARIOS, , , , , , , , , , ,[null], , ,N, ,N,RE, , , , , ,DULES CHERIGO, ,CHERIGO, , ,Jun 21 2019  2:00AM),
(2,1.7.10.2015         ,1,AF,Jan 12 2015 12:00AM,88.6, , , ,PA,[null],[null],[null], , , , , , ,01  000100001,N,TERCEROS VARIOS, ,VARIOS, , , , , , , , , , ,[null], , ,N, ,N,RE, , , , , ,JUAN EDILBERTO PEREZ, ,EDILBERTO PEREZ, , ,Jun 21 2019  2:00AM),
(2,1.7.10.2015         ,2,AF,Feb  4 2016 12:00AM,516.91, , , ,PA,[null],[null],[null], , , , , , ,08  011500329,N,LETICIA MONTEZA DE VELOTTI, ,MONTEZA DE VELOTTI, , , , , , , , , , ,[null], , ,N, ,N,RE, , , , , ,LETICIA MONTEZA DE VELOTTI, ,MONTEZA DE VELOTTI, , ,Oct 29 2019  2:00AM),
(2,1.7.1000.2015       ,1,AS,Feb  6 2015 12:00AM,1352.83, , , ,PA,[null],[null],[null], , , , , , ,8-0-0-70300,N,LUIS EMMANUEL, ,AVILA,ANDURAY, , ,501970,KL1TJ51Y55B374537,KL1TJ51Y55B374537, , ,CHEVROLET,AVEO,2005,SILVER,CAMIONETA,N, ,N,RE, , , , , ,LUIS AVILA, ,AVILA, , ,Jun 21 2019  2:00AM),
(2,1.7.10000.2015      ,1,AF,Jan  8 2016 12:00AM,931.83, , , ,PA,[null],[null],[null], , , , , , ,4  010200576,N,ALEJANDRO MORALES ESCALANTE, ,MORALES ESCALANTE, , , , , , , , , , ,[null], , ,N, ,N,RE, , , , , ,ALEJANDRO MORALES ESCALANTE, ,MORALES ESCALANTE, , ,Jun 21 2019  2:00AM),
(2,1.7.10000.2015      ,2,AS,Dec 22 2015 12:00AM,0, , , ,NP,[null],[null],[null], , , , , , ,0-65-260000,J,"BRINK´S PANAMA, S.A.", ,"BRINK´S PANAMA, S.A.", , , ,AR4858,1GDJ6H1C0YJ52569A,1GDJ6H1C0YJ52569A, , ,G.M.C.,CAMION,2000,GRIS,CAMION,N, ,N,RE, , , , , ,CORELLA EDISON, ,EDISON, , ,Jun 21 2019  2:00AM),
(2,1.7.10000.2016      ,1,AS,Oct 25 2016 12:00AM,137.59, , , ,PA,[null],[null],[null], , , , , , ,08NT0000001000013623,J,CONTRALORIA GENERAL DE LA REPUBLICA, ,CONTRALORIA GENERAL DE LA REPUBLICA, , , , ,02B155093,02B155093, , ,TOYOTA,LAND CRUISER PRADO,2014,POR DEFINIR,CAMIONETA,N, ,N,RE, , , , , , , , , , ,Jul  4 2019  2:00AM),
(2,1.7.10001.2015      ,1,AS,Dec 23 2015 12:00AM,-28.76, , , ,PA,[null],[null],[null], , , , , , ,0-576-590000,J,GRUPO FEDURO S.A., ,GRUPO FEDURO S.A., , , ,18919, ,QR25143587, , ,NISSAN,X-TRAIL,2004,POR DEFINIR,CAMIONETA,S,MULTIBANK,N,RE, , , , , ,., , , , ,Jun 21 2019  2:00AM),
(2,1.7.10001.2016      ,1,AS,Oct 25 2016 12:00AM,57.09, , , ,PA,[null],[null],[null], , , , , , ,08NT0000001000013623,J,CONTRALORIA GENERAL DE LA REPUBLICA, ,CONTRALORIA GENERAL DE LA REPUBLICA, , , , ,02B155093,02B155093, , ,TOYOTA,LAND CRUISER PRADO,2014,POR DEFINIR,CAMIONETA,N, ,N,RE, , , , , , , , , , ,Jul  4 2019  2:00AM),
(2,1.7.10002.2015      ,1,AS,Dec 23 2015 12:00AM,53.5, , , ,PA,[null],[null],[null], , , , , , ,0-576-590000,J,GRUPO FEDURO S.A., ,GRUPO FEDURO S.A., , , ,226956,1HTHCAR3PH527885,1HTHCAR3PH527885, , ,INTERNATIONAL,CAMION,1993,POR DEFINIR,CAMION,N, ,N,RE, , , , , ,., , , , ,Jun 21 2019  2:00AM),
(2,1.7.10002.2016      ,1,AS,Oct 25 2016 12:00AM,-75.86, , , ,PA,[null],[null],[null], , , , , , ,08NT0000001000013623,J,CONTRALORIA GENERAL DE LA REPUBLICA, ,CONTRALORIA GENERAL DE LA REPUBLICA, , , , ,02B155093,02B155093, , ,TOYOTA,LAND CRUISER PRADO,2014,POR DEFINIR,CAMIONETA,N, ,N,RE, , , , , , , , , , ,Jul  4 2019  2:00AM),
(2,1.7.10003.2015      ,1,AS,Dec 23 2015 12:00AM,190.5, , , ,PA,[null],[null],[null], , , , , , ,0-576-590000,J,GRUPO FEDURO S.A., ,GRUPO FEDURO S.A., , , ,226956,1HTHCAR3PH527885,1HTHCAR3PH527885, , ,INTERNATIONAL,CAMION,1993,POR DEFINIR,CAMION,N, ,N,RE, , , , , ,., , , , ,Jun 21 2019  2:00AM),
(2,1.7.10003.2016      ,1,AS,Oct 25 2016 12:00AM,97.58, , , ,PA,[null],[null],[null], , , , , , ,08NT0000001000013623,J,CONTRALORIA GENERAL DE LA REPUBLICA, ,CONTRALORIA GENERAL DE LA REPUBLICA, , , , ,02B155093,02B155093, , ,TOYOTA,LAND CRUISER PRADO,2014,POR DEFINIR,CAMIONETA,N, ,N,RE, , , , , , , , , , ,Jul  4 2019  2:00AM),
(2,1.7.10004.2015      ,1,AS,Dec 23 2015 12:00AM,1104.34, , , ,PA,[null],[null],[null], , , , , , ,8-0-0-79800,N,FRANCI EMERITA, ,VILLARREAL,QUIROS, , ,BA2125,MA3FC31S1FA730047,K10BN1709229, , ,SUZUKI,CELERIO,2015,POR DEFINIR,SEDAN,S,BAC INTERNATIONAL BANK INC.,N,RE, , , , , ,FRANCI VILLARREAL, ,VILLARREAL, , ,Jun 21 2019  2:00AM),
(2,1.7.10004.2015      ,2,AS,Apr  6 2016 12:00AM,160.5, , , ,PA,[null],[null],[null], , , , , , ,8-0-0-79800,N,FRANCI EMERITA, ,VILLARREAL,QUIROS, , ,BA2125,MA3FC31S1FA730047,K10BN1709229, , ,SUZUKI,CELERIO,2015,POR DEFINIR,SEDAN,S,BAC INTERNATIONAL BANK INC.,N,RE, , , , , , , , , , ,Jun 21 2019  2:00AM),
(2,1.7.10004.2016      ,1,AS,Oct 25 2016 12:00AM,250.13, , , ,PA,[null],[null],[null], , , , , , ,08NT0000001000013623,J,CONTRALORIA GENERAL DE LA REPUBLICA, ,CONTRALORIA GENERAL DE LA REPUBLICA, , , , ,02B155093,02B155093, , ,TOYOTA,LAND CRUISER PRADO,2014,POR DEFINIR,CAMIONETA,N, ,N,RE, , , , , , , , , , ,Jul  4 2019  2:00AM),
(2,1.7.10005.2015      ,1,AS,Dec 23 2015 12:00AM,459.33, , , ,PA,[null],[null],[null], , , , , , ,0-576-590000,J,GRUPO FEDURO S.A., ,GRUPO FEDURO S.A., , , ,226956,1HTHCAR3PH527885,1HTHCAR3PH527885, , ,INTERNATIONAL,CAMION,1993,POR DEFINIR,CAMION,N, ,N,RE, , , , , ,.., , , , ,Jun 21 2019  2:00AM),
(2,1.7.10006.2015      ,1,AS,Dec 23 2015 12:00AM,716.9, , , ,PA,[null],[null],[null], , , , , , ,8-0-0-80800,N,AMETH SUBHI, ,FATTAH,DE ROUX, , ,Pendiente,KMHCT41CBCU121135,G4FABU666182, , ,HYUNDAI,ACCENT,2012,GRIS,SEDAN,S,BAC INTERNATIONAL BANK INC.,N,RE, , , , , ,AIXA DEL C VILLAVERDE, ,DEL C VILLAVERDE, , ,Jun 21 2019  2:00AM),
(2,1.7.10006.2016      ,1,AS,Oct 25 2016 12:00AM,90.59, , , ,PA,[null],[null],[null], , , , , , ,08NT0000001000013623,J,CONTRALORIA GENERAL DE LA REPUBLICA, ,CONTRALORIA GENERAL DE LA REPUBLICA, , , , ,02B155093,02B155093, , ,TOYOTA,LAND CRUISER PRADO,2014,POR DEFINIR,CAMIONETA,N, ,N,RE, , , , , , , , , , ,Jul  4 2019  2:00AM),
(2,1.7.10007.2015      ,1,AS,Dec 23 2015 12:00AM,3682.31, , , ,PA,[null],[null],[null], , , , , , ,0-576-590000,J,GRUPO FEDURO S.A., ,GRUPO FEDURO S.A., , , ,18919, ,QR25143587, , ,NISSAN,X-TRAIL,2004,POR DEFINIR,CAMIONETA,S,MULTIBANK,N,RE, , , , , ,., , , , ,Jun 21 2019  2:00AM),
(2,1.7.10007.2016      ,1,AS,Oct 25 2016 12:00AM,539.22, , , ,PA,[null],[null],[null], , , , , , ,08NT0000001000013623,J,CONTRALORIA GENERAL DE LA REPUBLICA, ,CONTRALORIA GENERAL DE LA REPUBLICA, , , , ,02B155093,02B155093, , ,TOYOTA,LAND CRUISER PRADO,2014,POR DEFINIR,CAMIONETA,N, ,N,RE, , , , , , , , , , ,Jul  4 2019  2:00AM),
(2,1.7.10008.2015      ,1,AS,Dec 23 2015 12:00AM,3182, , , ,PA,[null],[null],[null], , , , , , ,0-238-590000,J,"VIDA PANAMA ZONA LIBRE, S.A.", ,"VIDA PANAMA ZONA LIBRE, S.A.", , , ,681216,JHLRE48507C203570,K24Z11755033, , ,HONDA,CRV,2007,POR DEFINIR,CAMIONETA,N, ,N,RE, , , , , ,., , , , ,Jun 21 2019  2:00AM),
(2,1.7.10008.2016      ,1,AS,Oct 25 2016 12:00AM,1.99, , , ,PA,[null],[null],[null], , , , , , ,08NT0000001000013623,J,CONTRALORIA GENERAL DE LA REPUBLICA, ,CONTRALORIA GENERAL DE LA REPUBLICA, , , , ,02B155093,02B155093, , ,TOYOTA,LAND CRUISER PRADO,2014,POR DEFINIR,CAMIONETA,N, ,N,RE, , , , , , , , , , ,Jul  4 2019  2:00AM),
(4,1.7.1001.2015       ,1,AF,Mar  7 2016 12:00AM,1706.87, , , ,PA,[null],[null],[null], , , , , , ,5.39886E+12,J,"CALOX HOLDING, S.A.", ,"HOLDING, S.A.", , , , , , , , , , ,[null], , ,S,BAC INTERNATIONAL BANK INC.,N,RE, , , , , ,JORGE HAMILTON ., ,HAMILTON ., , ,Jun 21 2019  2:00AM),
(4,1.7.1001.2015       ,2,AS,Feb  7 2015 12:00AM,219.35, , , ,PA,[null],[null],[null], , , , , , ,8-0-0-51300,N,HAROLD CARMELO, ,BARKEMA,MARTINO, , ,Pendiente,SJNFBAJ11Z1260293,MR20334356W, , ,NISSAN,QASHQAI,2015,POR DEFINIR,CAMIONETA,S,BAC INTERNATIONAL BANK INC.,N,RE, , , , , ,HAROLD BARKEMA, ,BARKEMA, , ,Jun 21 2019  2:00AM),
(4,1.7.10010.2015      ,1,AS,Dec 23 2015 12:00AM,0, , , ,NP,[null],[null],[null], , , , , , ,1-0-0-71800,N,WHITNEY DAYANE, ,WILLIAMS,DOWNS, , ,AP0029,KNADN412BF6450717,G4FAES772918, , ,KIA,RIO,2015,BLANCO,SEDAN,S,"BANISI, S.A.",N,RE, , , , , ,CRISTIAN PADILLA, ,PADILLA, , ,Jun 21 2019  2:00AM),
(4,1.7.10010.2015      ,2,AS,Mar 22 2016 12:00AM,168.15, , , ,PA,[null],[null],[null], , , , , , ,1-0-0-71800,N,WHITNEY DAYANE, ,WILLIAMS,DOWNS, , ,AP0029,KNADN412BF6450717,G4FAES772918, , ,KIA,RIO,2015,BLANCO,SEDAN,S,"BANISI, S.A.",N,RE, , , , , ,WILLIAMS DOWNS WHITNEY DAYANE, ,DOWNS WHITNEY DAYANE, , ,Jun 21 2019  2:00AM),
(4,1.7.10010.2016      ,1,AS,Oct 25 2016 12:00AM,319.97, , , ,PA,[null],[null],[null], , , , , , ,08NT0000001000013623,J,CONTRALORIA GENERAL DE LA REPUBLICA, ,CONTRALORIA GENERAL DE LA REPUBLICA, , , , ,02B155093,02B155093, , ,TOYOTA,LAND CRUISER PRADO,2014,POR DEFINIR,CAMIONETA,N, ,N,RE, , , , , , , , , , ,Jul  4 2019  2:00AM),
(4,1.7.10011.2015      ,1,AS,Dec 23 2015 12:00AM,10282.51, , , ,PA,[null],[null],[null], , , , , , ,7-0-0-7600,N,VICTOR MANUEL, ,VERGARA,VERGARA, , ,855703,MR0FR22G700535818,2KD-7689891, , ,TOYOTA,HI LUX DOBLE CABINA,2009,GREYISH BLUE ME,PICK - UP,N, ,S,PT, , , , , ,VICTOR VERGARA, ,VERGARA, , ,Jun 21 2019  2:00AM),
(4,1.7.10011.2016      ,1,AS,Oct 25 2016 12:00AM,54.5, , , ,PA,[null],[null],[null], , , , , , ,08NT0000001000013623,J,CONTRALORIA GENERAL DE LA REPUBLICA, ,CONTRALORIA GENERAL DE LA REPUBLICA, , , , ,02B155093,02B155093, , ,TOYOTA,LAND CRUISER PRADO,2014,POR DEFINIR,CAMIONETA,N, ,N,RE, , , , , , , , , , ,Jul  4 2019  2:00AM),
(4,1.7.10012.2015      ,1,AS,Dec 23 2015 12:00AM,17617.59, , , ,PA,[null],[null],[null], , , , , , ,8-0-0-75200,N,JULIO NESTOR, ,RAMOS,DE GRACIA, , , ,JTMZD9EV205008785,3ZRB172932, , ,TOYOTA,RAV-4,2014,POR DEFINIR,CAMIONETA,S,GLOBAL FINANCIAL FUNDS CORP.,N,RE, , , , , ,NELLY JEMMOTT, ,JEMMOTT, , ,Jun 21 2019  2:00AM),
(4,1.7.10012.2015      ,2,AS,Dec 29 2015 12:00AM,501.37, , , ,PA,[null],[null],[null], , , , , , ,8-0-0-75200,N,JULIO NESTOR, ,RAMOS,DE GRACIA, , , ,JTMZD9EV205008785,3ZRB172932, , ,TOYOTA,RAV-4,2014,POR DEFINIR,CAMIONETA,S,GLOBAL FINANCIAL FUNDS CORP.,N,RE, , , , , ,NELLY MARTINEZ, ,MARTINEZ, , ,Jun 21 2019  2:00AM),
(4,1.7.10012.2015      ,3,AS,Apr  7 2016 12:00AM,229.95, , , ,PA,[null],[null],[null], , , , , , ,8-0-0-75200,N,JULIO NESTOR, ,RAMOS,DE GRACIA, , , ,JTMZD9EV205008785,3ZRB172932, , ,TOYOTA,RAV-4,2014,POR DEFINIR,CAMIONETA,S,GLOBAL FINANCIAL FUNDS CORP.,N,RE, , , , , ,JULIO RAMOS, ,RAMOS, , ,Jun 21 2019  2:00AM),
(4,1.7.10012.2016      ,1,AS,Oct 25 2016 12:00AM,4.75, , , ,PA,[null],[null],[null], , , , , , ,08NT0000001000013623,J,CONTRALORIA GENERAL DE LA REPUBLICA, ,CONTRALORIA GENERAL DE LA REPUBLICA, , , , ,02B155093,02B155093, , ,TOYOTA,LAND CRUISER PRADO,2014,POR DEFINIR,CAMIONETA,N, ,N,RE, , , , , , , , , , ,Jul  4 2019  2:00AM),
(4,1.7.10013.2015      ,1,AS,Dec 23 2015 12:00AM,0, , , ,NP,[null],[null],[null], , , , , , ,0-0-990000,J,"PRODUCCION PANAMEÑA DE HIELO, S.A.", ,"PRODUCCION PANAMEÑA DE HIELO, S.A.", , , ,AC8857,MPATFS85JET000848,LB9584, , ,ISUZU,D-MAX,2014,POR DEFINIR,PICK - UP,N, ,N,RE, , , , , ,SANTIAGO ERNESTO BARRAZA, ,ERNESTO BARRAZA, , ,Jun 21 2019  2:00AM),
(4,1.7.10013.2016      ,1,AS,Oct 25 2016 12:00AM,107.2, , , ,PA,[null],[null],[null], , , , , , ,08NT0000001000013623,J,CONTRALORIA GENERAL DE LA REPUBLICA, ,CONTRALORIA GENERAL DE LA REPUBLICA, , , , ,02B155093,02B155093, , ,TOYOTA,LAND CRUISER PRADO,2014,POR DEFINIR,CAMIONETA,N, ,N,RE, , , , , , , , , , ,Jul  4 2019  2:00AM),
(4,1.7.10014.2015      ,1,AF,Jan  8 2016 12:00AM,273.92, , , ,PA,[null],[null],[null], , , , , , ,1,N,"LEASING DE PANAMA, S.A.", ,"DE PANAMA, S.A.", , , , , , , , , , ,[null], , ,N, ,N,RE, , , , , ,LEONICIA ETHEL CANDO ULLOA DE, ,ETHEL CANDO ULLOA DE, , ,Jun 21 2019  2:00AM),
(4,1.7.10014.2015      ,2,AS,Dec 30 2015 12:00AM,0, , , ,NP,[null],[null],[null], , , , , , ,8-0-0-22300,N,ROGELIO, ,ESKILDSEN,ALFARO, , ,AN7083,JTHKD5BH102198832,2ZRR676556, , ,LEXUS,CT,2015,POR DEFINIR,SEDAN,N, ,N,RE, , , , , ,ROGELIO SKILDSEN, ,SKILDSEN, , ,Jun 21 2019  2:00AM),
(4,1.7.10014.2016      ,1,AS,Oct 25 2016 12:00AM,306.38, , , ,PA,[null],[null],[null], , , , , , ,08NT0000001000013623,J,CONTRALORIA GENERAL DE LA REPUBLICA, ,CONTRALORIA GENERAL DE LA REPUBLICA, , , , ,02B155093,02B155093, , ,TOYOTA,LAND CRUISER PRADO,2014,POR DEFINIR,CAMIONETA,N, ,N,RE, , , , , , , , , , ,Jul  4 2019  2:00AM),
(4,1.7.10015.2015      ,1,AS,Dec 23 2015 12:00AM,0, , , ,NP,[null],[null],[null], , , , , , ,5-0-0-1400,N,EDUARDO, ,PALACIOS,CHANIS, , ,728742,KNADG411AC6866441,G4EEBH497952, , ,KIA,RIO,2012,PLATA,SEDAN,S,BAC INTERNATIONAL BANK INC.,N,RE, , , , , ,ALLEN PALACIO, ,PALACIO, , ,Jun 21 2019  2:00AM),
(4,1.7.10015.2016      ,1,AS,Oct 25 2016 12:00AM,13.44, , , ,PA,[null],[null],[null], , , , , , ,08NT0000001000013623,J,CONTRALORIA GENERAL DE LA REPUBLICA, ,CONTRALORIA GENERAL DE LA REPUBLICA, , , , ,02B155093,02B155093, , ,TOYOTA,LAND CRUISER PRADO,2014,POR DEFINIR,CAMIONETA,N, ,N,RE, , , , , , , , , , ,Jul  4 2019  2:00AM),
(4,1.7.10016.2015      ,1,AS,Dec 30 2015 12:00AM,-464, , , ,PA,[null],[null],[null], , , , , , ,8-0-0-32600,N,MARISSA, ,ORTEGA,COLOMA, , ,550658,JHLRE3830BC202072,K24Z16617464, , ,HONDA,CRV,2011,POR DEFINIR,CAMIONETA,S,"BANCO GENERAL, S.A.",N,RE, , , , , ,MARISSA ORTEGA  COLOMA, ,ORTEGA  COLOMA, , ,Jun 21 2019  2:00AM),
(4,1.7.10016.2015      ,2,AS,Feb 12 2016 12:00AM,217.26, , , ,PA,[null],[null],[null], , , , , , ,8-0-0-32600,N,MARISSA, ,ORTEGA,COLOMA, , ,550658,JHLRE3830BC202072,K24Z16617464, , ,HONDA,CRV,2011,POR DEFINIR,CAMIONETA,S,"BANCO GENERAL, S.A.",N,RE, , , , , , , , , , ,Jun 21 2019  2:00AM),
(4,1.7.10016.2015      ,3,AS,Feb 17 2016 12:00AM,467, , , ,PA,[null],[null],[null], , , , , , ,8-0-0-32600,N,MARISSA, ,ORTEGA,COLOMA, , ,550658,JHLRE3830BC202072,K24Z16617464, , ,HONDA,CRV,2011,POR DEFINIR,CAMIONETA,S,"BANCO GENERAL, S.A.",N,RE, , , , , , , , , , ,Jun 21 2019  2:00AM),
(4,1.7.10016.2016      ,1,AS,Oct 25 2016 12:00AM,97.76, , , ,PA,[null],[null],[null], , , , , , ,08NT0000001000013623,J,CONTRALORIA GENERAL DE LA REPUBLICA, ,CONTRALORIA GENERAL DE LA REPUBLICA, , , , ,02B155093,02B155093, , ,TOYOTA,LAND CRUISER PRADO,2014,POR DEFINIR,CAMIONETA,N, ,N,RE, , , , , , , , , , ,Jul  4 2019  2:00AM),
(4,1.7.10017.2015      ,1,AF,Jan 11 2016 12:00AM,0, , , ,NP,[null],[null],[null], , , , , , ,sin confirmar,J,"MULTI FINANCIAMIENTOS, S.A.", ,"FINANCIAMIENTOS, S.A.", , , , , , , , , , ,[null], , ,N, ,N,RE, , , , , ,"MULTI FINANCIAMIENTOS, S.A.", ,"FINANCIAMIENTOS, S.A.", , ,Jun 21 2019  2:00AM),
(4,1.7.10017.2015      ,2,AS,Dec 29 2015 12:00AM,0, , , ,NP,[null],[null],[null], , , , , , ,0-572-250000,J,"ECOLAB, S.A.", ,"ECOLAB, S.A.", , , ,AS7726,3N1CN7AD8ZK147037,HR16710673J, , ,NISSAN,VERSA,2015,PLATA,SEDAN,N, ,N,RE, , , , , ,JOSE LUIS AQUIJR, ,LUIS AQUIJR, , ,Jun 21 2019  2:00AM),
(4,1.7.10017.2016      ,1,AS,Oct 25 2016 12:00AM,-77.2, , , ,PA,[null],[null],[null], , , , , , ,08NT0000001000013623,J,CONTRALORIA GENERAL DE LA REPUBLICA, ,CONTRALORIA GENERAL DE LA REPUBLICA, , , , ,02B155093,02B155093, , ,TOYOTA,LAND CRUISER PRADO,2014,POR DEFINIR,CAMIONETA,N, ,N,RE, , , , , , , , , , ,Jul  4 2019  2:00AM),
(7,1.7.10018.2015      ,1,AS,Dec 30 2015 12:00AM,0, , , ,NP,[null],[null],[null], , , , , , ,8-0-0-72300,N,CESAR EDGARDO, ,BERRIO,CORDOBA, , ,587755,KMHJT81BBCU312657,G4KDBU387987, , ,HYUNDAI,TUCSON IX,2012,DORADO,CAMIONETA,S,GLOBAL FINANCIAL FUNDS CORP.,N,RE, , , , , ,CESAR BERRIO, ,BERRIO, , ,Jun 21 2019  2:00AM),
(7,1.7.10018.2016      ,1,AS,Oct 25 2016 12:00AM,-39.9, , , ,PA,[null],[null],[null], , , , , , ,08NT0000001000013623,J,CONTRALORIA GENERAL DE LA REPUBLICA, ,CONTRALORIA GENERAL DE LA REPUBLICA, , , , ,02B155093,02B155093, , ,TOYOTA,LAND CRUISER PRADO,2014,POR DEFINIR,CAMIONETA,N, ,N,RE, , , , , , , , , , ,Jul  4 2019  2:00AM),
(7,1.7.10019.2015      ,1,AF,Dec 30 2015 12:00AM,290.35, , , ,PA,[null],[null],[null], , , , , , ,9.67146E+17,J,"CORPORACION FRANCE, S.A.", ,"FRANCE, S.A.", , , , , , , , , , ,[null], , ,S,"SERVICIOS FINANCIEROS PANAMA, S.A.",N,RE, , , , , ,"CORPORACION FRANCE, S.A.", ,"FRANCE, S.A.", , ,Jun 21 2019  2:00AM),
(7,1.7.10019.2015      ,2,AS,Dec 30 2015 12:00AM,0, , , ,NP,[null],[null],[null], , , , , , ,2-2100-280000,J,"CUQUITA COOKITA, S.A.", ,"CUQUITA COOKITA, S.A.", , , , ,9BD25521AE8965402,1463261, , ,FIAT,FIORINO,2014,BLANCO,PANEL,S,"SERVICIOS FINANCIEROS PANAMA, S.A.",N,RE, , , , , ,ARIS GORDON, ,GORDON, , ,Jun 21 2019  2:00AM),
(7,1.7.10019.2016      ,1,AS,Oct 25 2016 12:00AM,47.27, , , ,PA,[null],[null],[null], , , , , , ,08NT0000001000013623,J,CONTRALORIA GENERAL DE LA REPUBLICA, ,CONTRALORIA GENERAL DE LA REPUBLICA, , , , ,02B155093,02B155093, , ,TOYOTA,LAND CRUISER PRADO,2014,POR DEFINIR,CAMIONETA,N, ,N,RE, , , , , , , , , , ,Jul  4 2019  2:00AM),
(7,1.7.1002.2015       ,1,AS,Feb  7 2015 12:00AM,222.35, , , ,PA,[null],[null],[null], , , , , , ,8-0-0-22400,N,ABRAHAM MANUEL, ,DIAZ,SAMANIEGO, , ,P/D,KMHDH61CBDU014947,G4FGCU661649, , ,HYUNDAI,HYUNDAI ELANTRA COUPE,2013,POR DEFINIR,COUPE,N, ,N,RE, , , , , ,ADRIAN DIAZ, ,DIAZ, , ,Jun 21 2019  2:00AM),
(7,1.7.1002.2015       ,2,AS,Aug  4 2015 12:00AM,167.12, , , ,PA,[null],[null],[null], , , , , , ,8-0-0-22400,N,ABRAHAM MANUEL, ,DIAZ,SAMANIEGO, , ,P/D,KMHDH61CBDU014947,G4FGCU661649, , ,HYUNDAI,HYUNDAI ELANTRA COUPE,2013,POR DEFINIR,COUPE,N, ,N,RE, , , , , ,ABRAHAM DIAZ, ,DIAZ, , ,Jun 21 2019  2:00AM),
7,1.7.1002.2016       ,1,AS,Feb  5 2016 12:00AM,462.53, , , ,PA,[null],[null],[null], , , , , , ,08NT0000001000013623,J,CONTRALORIA GENERAL DE LA REPUBLICA, ,CONTRALORIA GENERAL DE LA REPUBLICA, , , , ,02B1693160,02B1693160, , ,TOYOTA,LAND CRUISER PRADO,2011,PLATA,CAMIONETA,N, ,N,RE, , , , , ,*, , , , ,Jun 21 2019  2:00AM),
(7,1.7.10020.2015      ,1,AF,Dec 30 2015 12:00AM,0, , , ,NP,[null],[null],[null], , , , , , ,01  000100001,N,TERCEROS VARIOS, ,VARIOS, , , , , , , , , , ,[null], , ,N, ,N,RE, , , , , ,JIAYU CHEN, ,CHEN, , ,Jun 21 2019  2:00AM),
(7,1.7.10020.2016      ,1,AS,Oct 25 2016 12:00AM,13.02, , , ,PA,[null],[null],[null], , , , , , ,08NT0000001000013623,J,CONTRALORIA GENERAL DE LA REPUBLICA, ,CONTRALORIA GENERAL DE LA REPUBLICA, , , , ,02B155093,02B155093, , ,TOYOTA,LAND CRUISER PRADO,2014,POR DEFINIR,CAMIONETA,N, ,N,RE, , , , , , , , , , ,Jul  4 2019  2:00AM),
(7,1.7.10021.2015      ,1,AS,Dec 30 2015 12:00AM,0, , , ,NP,[null],[null],[null], , , , , , ,8-0-0-17900,N,EUSTORGIO, ,GARCIA,BATISTA, , ,POR ASIGNAR,3N1EB31S8ZK757190,GA16893581Y, , ,NISSAN,SENTRA B13,2013,GRIS,SEDAN,N, ,N,RE, , , , , ,EUTORGIO GARCIA BATISTA, ,GARCIA BATISTA, , ,Jun 21 2019  2:00AM),
(7,1.7.10021.2016      ,1,AS,Oct 25 2016 12:00AM,102.67, , , ,PA,[null],[null],[null], , , , , , ,08NT0000001000013623,J,CONTRALORIA GENERAL DE LA REPUBLICA, ,CONTRALORIA GENERAL DE LA REPUBLICA, , , , ,02B155093,02B155093, , ,TOYOTA,LAND CRUISER PRADO,2014,POR DEFINIR,CAMIONETA,N, ,N,RE, , , , , , , , , , ,Jul  4 2019  2:00AM),
(7,1.7.10022.2015      ,1,AF,Dec 30 2015 12:00AM,0, , , ,NP,[null],[null],[null], , , , , , ,01  000100001,N,TERCEROS VARIOS, ,VARIOS, , , , , , , , , , ,[null], , ,N, ,N,RE, , , , , ,ELIDA JULIA PEDRECHI, ,JULIA PEDRECHI, , ,Jun 21 2019  2:00AM),
(7,1.7.10022.2015      ,2,AF,Jan 23 2016 12:00AM,2086.89, , , ,PA,[null],[null],[null], , , , , , ,1,N,"TETRA PAK,S.A.", ,"PAK,S.A.", , , , , , , , , , ,[null], , ,N, ,N,RE, , , , , ,"TETRA PAK,S.A.", ,"PAK,S.A.", , ,Jun 21 2019  2:00AM),
(7,1.7.10023.2015      ,1,AS,Dec 30 2015 12:00AM,0, , , ,NP,[null],[null],[null], , , , , , ,8-0-0-49700,N,KERIMA ALTHEA, ,OSBOURNE,JEROME, , ,706232,KMHJM81BP8U854189,G4GC7122844, , ,HYUNDAI,TUCSON,2008,NEGRO,CAMIONETA,S,BAC INTERNATIONAL BANK INC.,N,RE, , , , , ,KERIMA OSBOURNE, ,OSBOURNE, , ,Jun 21 2019  2:00AM),
(7,1.7.10023.2016      ,1,AS,Oct 25 2016 12:00AM,560.83, , , ,PA,[null],[null],[null], , , , , , ,08NT0000001000013623,J,CONTRALORIA GENERAL DE LA REPUBLICA, ,CONTRALORIA GENERAL DE LA REPUBLICA, , , , ,02B155093,02B155093, , ,TOYOTA,LAND CRUISER PRADO,2014,POR DEFINIR,CAMIONETA,N, ,N,RE, , , , , , , , , , ,Jul  4 2019  2:00AM),
(7,1.7.10024.2015      ,1,AF,Jan  8 2016 12:00AM,343.87, , , ,PA,[null],[null],[null], , , , , , ,08  049700288,N,KERIMA ALTHEA OSBOURNE JEROME, ,ALTHEA OSBOURNE JEROME, , , , , , , , , , ,[null], , ,N, ,N,RE, , , , , ,KERIMA ALTHEA OSBOURNE JEROME, ,ALTHEA OSBOURNE JEROME, , ,Jun 21 2019  2:00AM),
(7,1.7.10024.2015      ,2,AS,Dec 30 2015 12:00AM,0, , , ,NP,[null],[null],[null], , , , , , ,8-0-0-75500,N,ALBERTO MOISES, ,ALVARADO,RODRIGUEZ, , ,479464,KNMC4C2HM7P616338,QG16060644, , ,NISSAN,ALMERA,2007,NEGRO,SEDAN,N, ,N,RE, , , , , ,YARISBETH ARDINES, ,ARDINES, , ,Jun 21 2019  2:00AM),
(7,1.7.10024.2016      ,1,AS,Oct 25 2016 12:00AM,39.2, , , ,PA,[null],[null],[null], , , , , , ,08NT0000001000013623,J,CONTRALORIA GENERAL DE LA REPUBLICA, ,CONTRALORIA GENERAL DE LA REPUBLICA, , , , ,02B155093,02B155093, , ,TOYOTA,LAND CRUISER PRADO,2014,POR DEFINIR,CAMIONETA,N, ,N,RE, , , , , , , , , , ,Jul  4 2019  2:00AM),
(7,1.7.10025.2015      ,1,AF,Jan 15 2016 12:00AM,1901.86, , , ,PA,[null],[null],[null], , , , , , ,04  070502109,N,RODERICK JOSE CABALLERO, ,JOSE CABALLERO, , , , , , , , , , ,[null], , ,N, ,N,RE, , , , , ,RODERICK JOSE CABALLERO, ,JOSE CABALLERO, , ,Jun 21 2019  2:00AM),
(7,1.7.10025.2015      ,2,AS,Dec 30 2015 12:00AM,0, , , ,NP,[null],[null],[null], , , , , , ,4-0-0-9800,N,FELICIANO, ,RIOS,CASTILLO, , ,108274,BCAB13517444,GA14558238, , ,NISSAN,SENTRA,1994,VINO,SEDAN,N, ,N,RE, , , , , ,FELICIANO RIOS, ,RIOS, , ,Jun 21 2019  2:00AM),
(7,1.7.10025.2016      ,1,AS,Oct 25 2016 12:00AM,115.02, , , ,PA,[null],[null],[null], , , , , , ,08NT0000001000013623,J,CONTRALORIA GENERAL DE LA REPUBLICA, ,CONTRALORIA GENERAL DE LA REPUBLICA, , , , ,02B155093,02B155093, , ,TOYOTA,LAND CRUISER PRADO,2014,POR DEFINIR,CAMIONETA,N, ,N,RE, , , , , , , , , , ,Jul  4 2019  2:00AM),
(7,1.7.10026.2016      ,1,AS,Oct 25 2016 12:00AM,52.31, , , ,PA,[null],[null],[null], , , , , , ,08NT0000001000013623,J,CONTRALORIA GENERAL DE LA REPUBLICA, ,CONTRALORIA GENERAL DE LA REPUBLICA, , , , ,02B155093,02B155093, , ,TOYOTA,LAND CRUISER PRADO,2014,POR DEFINIR,CAMIONETA,N, ,N,RE, , , , , , , , , , ,Jul  4 2019  2:00AM),
(7,1.7.10027.2015      ,1,AS,Dec 30 2015 12:00AM,0, , , ,NP,[null],[null],[null], , , , , , ,8-0-0-16000,N,BLEIXEN, ,MARTINEZ,NAVARRETE, , ,725573,JM3ER4W36B0354023,L320417345, , ,MAZDA,EH53-NAK,2011,POR DEFINIR,CAMIONETA,N, ,N,RE, , , , , ,BLEIXEN MARTINEZ, ,MARTINEZ, , ,Jun 21 2019  2:00AM),
(7,1.7.10027.2016      ,1,AS,Oct 25 2016 12:00AM,16.08, , , ,PA,[null],[null],[null], , , , , , ,08NT0000001000013623,J,CONTRALORIA GENERAL DE LA REPUBLICA, ,CONTRALORIA GENERAL DE LA REPUBLICA, , , , ,02B155093,02B155093, , ,TOYOTA,LAND CRUISER PRADO,2014,POR DEFINIR,CAMIONETA,N, ,N,RE, , , , , , , , , , ,Jul  4 2019  2:00AM),
(13,1.7.10028.2015      ,1,AS,Dec 30 2015 12:00AM,0, , , ,NP,[null],[null],[null], , , , , , ,8-0-0-48600,N,IPZA, ,NUNEZ, , , ,618636,2D4GP24R05R107760,2D4GP24R05R107760, , ,DODGE,CARAVAN,2005,BLANCO,CAMIONETA,N, ,N,RE, , , , , ,ARMANDO GONZALEZ, ,GONZALEZ, , ,Jun 21 2019  2:00AM),
(13,1.7.10028.2016      ,1,AS,Oct 25 2016 12:00AM,46.84, , , ,PA,[null],[null],[null], , , , , , ,08NT0000001000013623,J,CONTRALORIA GENERAL DE LA REPUBLICA, ,CONTRALORIA GENERAL DE LA REPUBLICA, , , , ,02B155093,02B155093, , ,TOYOTA,LAND CRUISER PRADO,2014,POR DEFINIR,CAMIONETA,N, ,N,RE, , , , , , , , , , ,Jul  4 2019  2:00AM),
(13,1.7.10029.2015      ,1,AS,Jan  4 2016 12:00AM,1094.86, , , ,PA,[null],[null],[null], , , , , , ,8-0-0-34600,N,GIMARA, ,OCHOA,SANCHEZ, , ,430373,JM7CR10F180106263,LF10376897, , ,MAZDA,5,2008,BLANCO,CAMIONETA,S,BANESCO (PANAMÁ) S.A.,N,RE, , , , , ,MAURICIO CHU, ,CHU, , ,Jun 21 2019  2:00AM),
(13,1.7.10029.2016      ,1,AS,Oct 25 2016 12:00AM,220.38, , , ,PA,[null],[null],[null], , , , , , ,08NT0000001000013623,J,CONTRALORIA GENERAL DE LA REPUBLICA, ,CONTRALORIA GENERAL DE LA REPUBLICA, , , , ,02B155093,02B155093, , ,TOYOTA,LAND CRUISER PRADO,2014,POR DEFINIR,CAMIONETA,N, ,N,RE, , , , , , , , , , ,Jul  4 2019  2:00AM),
(13,1.7.1003.2015       ,1,AS,Feb  6 2015 12:00AM,4, , , ,PA,[null],[null],[null], , , , , , ,8-0-0-34300,N,LESLIE, ,DIXON, , , , ,JTDBV42E80J053632,1ZR1305551, , ,TOYOTA,COROLLA,2014,POR DEFINIR,SEDAN,S,"BANCO GENERAL, S.A.",N,RE, , , , , ,LESLIE DE CABALLERO, ,DE CABALLERO, , ,Jun 21 2019  2:00AM),
(13,1.7.1003.2015       ,2,AS,Jul 21 2015 12:00AM,331.17, , , ,PA,[null],[null],[null], , , , , , ,8-0-0-34300,N,LESLIE, ,DIXON, , , , ,JTDBV42E80J053632,1ZR1305551, , ,TOYOTA,COROLLA,2014,POR DEFINIR,SEDAN,S,"BANCO GENERAL, S.A.",N,RE, , , , , ,CABALLERO LESLIE ALEXANDRA DIX, ,LESLIE ALEXANDRA DIX, , ,Jun 21 2019  2:00AM),
(13,1.7.1003.2016       ,1,AS,Feb  5 2016 12:00AM,-76.48, , , ,PA,[null],[null],[null], , , , , , ,08NT0000001000013623,J,CONTRALORIA GENERAL DE LA REPUBLICA, ,CONTRALORIA GENERAL DE LA REPUBLICA, , , , ,02B1693160,02B1693160, , ,TOYOTA,LAND CRUISER PRADO,2011,PLATA,CAMIONETA,N, ,N,RE, , , , , ,*, , , , ,Jun 21 2019  2:00AM),
(13,1.7.10030.2015      ,1,AS,Dec 29 2015 12:00AM,0, , , ,NP,[null],[null],[null], , , , , , ,@@@@@@@@@@@XDB057290,N,ANGEL, ,SANZ,ALONSO, , ,713835,WP1ZZZ9PZ8LA23953,63823084, , ,PORSCHE,CAYENNE,2008,NEGRO,CAMIONETA,N, ,N,RE, , , , , ,ANGEL SANZ, ,SANZ, , ,Jun 21 2019  2:00AM),
(13,1.7.10030.2016      ,1,AS,Oct 25 2016 12:00AM,1.92, , , ,PA,[null],[null],[null], , , , , , ,08NT0000001000013623,J,CONTRALORIA GENERAL DE LA REPUBLICA, ,CONTRALORIA GENERAL DE LA REPUBLICA, , , , ,02B155093,02B155093, , ,TOYOTA,LAND CRUISER PRADO,2014,POR DEFINIR,CAMIONETA,N, ,N,RE, , , , , , , , , , ,Jul  4 2019  2:00AM),
(13,1.7.10031.2016      ,1,AS,Oct 25 2016 12:00AM,21.2, , , ,PA,[null],[null],[null], , , , , , ,08NT0000001000013623,J,CONTRALORIA GENERAL DE LA REPUBLICA, ,CONTRALORIA GENERAL DE LA REPUBLICA, , , , ,02B155093,02B155093, , ,TOYOTA,LAND CRUISER PRADO,2014,POR DEFINIR,CAMIONETA,N, ,N,RE, , , , , , , , , , ,Jul  4 2019  2:00AM),
(13,1.7.10032.2016      ,1,AS,Oct 25 2016 12:00AM,111.66, , , ,PA,[null],[null],[null], , , , , , ,08NT0000001000013623,J,CONTRALORIA GENERAL DE LA REPUBLICA, ,CONTRALORIA GENERAL DE LA REPUBLICA, , , , ,02B155093,02B155093, , ,TOYOTA,LAND CRUISER PRADO,2014,POR DEFINIR,CAMIONETA,N, ,N,RE, , , , , , , , , , ,Jul  4 2019  2:00AM),
(13,1.7.10033.2015      ,1,AS,Dec 30 2015 12:00AM,0, , , ,NP,[null],[null],[null], , , , , , ,2-4436-100000,J,"INVERSIONES Y FRANQUICIAS, S.A", ,"INVERSIONES Y FRANQUICIAS, S.A", , , , ,LZWCCAGA3E6026134,LZWCCAGA3E6026134, , ,CHEVROLET,N300,2014,BLANCO,PANEL,S,"FINANZAS GENERALES, S.A.",N,RE, , , , , ,HUGO HEANA, ,HEANA, , ,Jun 21 2019  2:00AM),
(13,1.7.10033.2016      ,1,AS,Oct 25 2016 12:00AM,130.33, , , ,PA,[null],[null],[null], , , , , , ,08NT0000001000013623,J,CONTRALORIA GENERAL DE LA REPUBLICA, ,CONTRALORIA GENERAL DE LA REPUBLICA, , , , ,02B155093,02B155093, , ,TOYOTA,LAND CRUISER PRADO,2014,POR DEFINIR,CAMIONETA,N, ,N,RE, , , , , , , , , , ,Jul  4 2019  2:00AM),
(13,1.7.10034.2015      ,1,AS,Dec 30 2015 12:00AM,503, , , ,PA,[null],[null],[null], , , , , , ,@@@@@@@@@@@@53562498,N,MARIA ANDREINA, ,ESCALONA,HERNANDEZ, , ,PENDIENTE,MRHGM6640EP020159,L15Z11407184, , ,HONDA,CITY,2014,POR DEFINIR,SEDAN,S,BAC INTERNATIONAL BANK INC.,N,RE, , , , , ,MARIA ESCALONA, ,ESCALONA, , ,Jun 21 2019  2:00AM),
(13,1.7.10034.2015      ,2,AS,Jun 21 2016 12:00AM,168.15, , , ,PA,[null],[null],[null], , , , , , ,@@@@@@@@@@@@53562498,N,MARIA ANDREINA, ,ESCALONA,HERNANDEZ, , ,PENDIENTE,MRHGM6640EP020159,L15Z11407184, , ,HONDA,CITY,2014,POR DEFINIR,SEDAN,S,BAC INTERNATIONAL BANK INC.,N,RE, , , , , , , , , , ,Jun 21 2019  2:00AM),
(13,1.7.10034.2016      ,1,AS,Oct 25 2016 12:00AM,163.97, , , ,PA,[null],[null],[null], , , , , , ,08NT0000001000013623,J,CONTRALORIA GENERAL DE LA REPUBLICA, ,CONTRALORIA GENERAL DE LA REPUBLICA, , , , ,02B155093,02B155093, , ,TOYOTA,LAND CRUISER PRADO,2014,POR DEFINIR,CAMIONETA,N, ,N,RE, , , , , , , , , , ,Jul  4 2019  2:00AM),
(13,1.7.10035.2015      ,1,AS,Dec 30 2015 12:00AM,0, , , ,NP,[null],[null],[null], , , , , , ,8-0-0-77700,N,MEILY, ,PITTI,PEREZ, , ,720221,JTMZD33V90D024214,2AZH778498, , ,TOYOTA,RAV-4,2012,NEGRO,CAMIONETA,S,BAC INTERNATIONAL BANK INC.,N,RE, , , , , , , , , , ,Jun 21 2019  2:00AM),
(13,1.7.10035.2016      ,1,AS,Oct 25 2016 12:00AM,172.41, , , ,PA,[null],[null],[null], , , , , , ,08NT0000001000013623,J,CONTRALORIA GENERAL DE LA REPUBLICA, ,CONTRALORIA GENERAL DE LA REPUBLICA, , , , ,02B155093,02B155093, , ,TOYOTA,LAND CRUISER PRADO,2014,POR DEFINIR,CAMIONETA,N, ,N,RE, , , , , , , , , , ,Jul  4 2019  2:00AM),
(13,1.7.10036.2015      ,1,AS,Dec 30 2015 12:00AM,0, , , ,NP,[null],[null],[null], , , , , , ,0-0E-0-800,N,SONGPING, ,MO, , , ,373657,LH1726120656,5L5474680, , ,TOYOTA,HI ACE,2004,BLANCO,PANEL,N, ,N,RE, , , , , ,SONGPING MO, ,MO, , ,Jun 21 2019  2:00AM),
(13,1.7.10037.2015      ,1,AS,Dec 30 2015 12:00AM,0, , , ,NP,[null],[null],[null], , , , , , ,8-0-0-75200,N,STEPHANIE DIONNE, ,SWASEY,CASTILLO, , ,591461,WF0JXXGAJJ9D84539,9D84539, , ,FORD,FIESTA,2010,POR DEFINIR,SEDAN,N, ,N,RE, , , , , ,STHEPANIE SUAREZ, ,SUAREZ, , ,Jun 21 2019  2:00AM),
(13,1.7.10037.2016      ,1,AS,Oct 25 2016 12:00AM,161.95, , , ,PA,[null],[null],[null], , , , , , ,08NT0000001000013623,J,CONTRALORIA GENERAL DE LA REPUBLICA, ,CONTRALORIA GENERAL DE LA REPUBLICA, , , , ,02B155093,02B155093, , ,TOYOTA,LAND CRUISER PRADO,2014,POR DEFINIR,CAMIONETA,N, ,N,RE, , , , , , , , , , ,Jul  4 2019  2:00AM),
(13,1.7.10038.2015      ,1,AF,Mar  9 2016 12:00AM,1768.51, , , ,PA,[null],[null],[null], , , , , , ,08  075701338,N,KATHERINE HENORIS LUCAS TAGLES, ,HENORIS LUCAS TAGLES, , , , , , , , , , ,[null], , ,N, ,N,RE, , , , , ,KATHERINE HENORIS LUCAS TAGLES, ,HENORIS LUCAS TAGLES, , ,Jun 21 2019  2:00AM),
(13,1.7.10038.2015      ,2,AS,Dec 30 2015 12:00AM,3, , , ,PA,[null],[null],[null], , , , , , ,3-0-0-8900,N,ARMANDO ARTURO, ,CASTRO,AGUIRRE, , ,813279,WBAVL3100CVS05013,B338J052, , ,BMW,X1,2012,SPACEGRAU METAL,CAMIONETA,N, ,N,RE, , , , , ,JOHANA GUERRA, ,GUERRA, , ,Jun 21 2019  2:00AM),
(13,1.7.10038.2016      ,1,AS,Oct 25 2016 12:00AM,44.7, , , ,PA,[null],[null],[null], , , , , , ,08NT0000001000013623,J,CONTRALORIA GENERAL DE LA REPUBLICA, ,CONTRALORIA GENERAL DE LA REPUBLICA, , , , ,02B155093,02B155093, , ,TOYOTA,LAND CRUISER PRADO,2014,POR DEFINIR,CAMIONETA,N, ,N,RE, , , , , , , , , , ,Jul  4 2019  2:00AM),
(13,1.7.10039.2015      ,1,AS,Dec 30 2015 12:00AM,0, , , ,NP,[null],[null],[null], , , , , , ,9-0-0-17200,N,SAHILY, ,VIVERO,AGUILAR, , ,355161,3N1BEAB13TOO2023,GA16746778R, , ,NISSAN,SENTRA,1997,NEGRO,SEDAN,N, ,N,RE, , , , , ,ROBERTO ITURRALDE, ,ITURRALDE, , ,Jun 21 2019  2:00AM),
(13,1.7.10039.2015      ,2,AF,Jan 29 2016 12:00AM,0, , , ,NP,[null],[null],[null], , , , , , ,01  000100001,N,TERCEROS VARIOS, ,VARIOS, , , , , , , , , , ,[null], , ,N, ,N,RE, , , , , ,VIVERO AGUILAR SAHILY, ,AGUILAR SAHILY, , ,Jun 21 2019  2:00AM):